{
  "metadata": {
    "name": "69shu by Hajljnopera",
    "author": "HuongMT",
    "version": 52,
    "source": "https://www.69shu.pro",
    "regexp": "(www|m)?\\.?(69shu|69shuba|69xinshu)\\.(.*?)/(txt|book)/.*?\\.htm",
    "description": "Đọc truyện trên trang 69shuba.com",
    "locale": "zh_CN",
    "language": "javascript",
    "type": "chinese_novel"
  },
  "script": {
    "home": "home.js",
    "detail": "detail.js",
    "toc": "toc.js",
    "chap": "chap.js",
    "genre": "genre.js",
    "search": "search.js"
  }
}