{
  "metadata": {
    "name": "biquge345",
    "author": "HuongMT",
    "version": 17,
    "source": "https://www.biquge345.com",
    "regexp": "(www.|m.)?biquge345.com/(b|book)/\\d+(/?|\\)",
    "description": "Đọc truyện trên trang biquge345",
    "locale": "zh_CN",
    "language": "javascript",
    "type": "chinese_novel"
  },
  "script": {
    "home": "home.js",
    "detail": "detail.js",
    "toc": "toc.js",
    "search": "search.js",
    "genre": "genre.js",
    "chap": "chap.js"
  }
}