{
  "metadata": {
    "name": "69yuedu",
    "author": "HuongMT",
    "version": 12,
    "source": "https://www.69yuedu.net",
    "regexp": "(www|m).(69shu|69shuba|69xinshu|69yuedu)\\.(.*?)/(txt|book|article)/.*?\\.htm",
    "description": "Đọc truyện trên trang 69yuedu.net",
    "locale": "zh_CN",
    "language": "javascript",
    "type": "chinese_novel"
  },
  "script": {
    "home": "home.js",
    "detail": "detail.js",
    "toc": "toc.js",
    "chap": "chap.js",
    "genre": "genre.js",
    "search": "search.js"
  }
}