{
    "metadata": {
      "name": "零点看书",
      "author": "HuongMT",
      "version": 2,
      "source": "http://23.225.121.243",
      "regexp": "23.225.121.243\/ldks\/(.*?)",
      "description": "Đọc truyện trên trang 零点看书",
      "locale": "zh_CN",
      "language": "javascript",
      "type": "chinese_novel"
    },
    "script": {
      "home": "home.js",
      "detail": "detail.js",
      "toc": "toc.js",
      "chap": "chap.js",
      "genre": "genre.js",
      "search": "search.js"
    }
  }