{
  "metadata": {
    "name": "69shuba",
    "author": "HuongMT",
    "version": 39,
    "source": "https://www.69shuba.com",
    "regexp": "(((https://|http://)((sangtacviet.*?)|14.225.254.182)/truyen/69shu/1/\\d+.*?))|((www|m)?\\.?(69shu|69shuba|69xinshu)\\.(.*?)/(txt|book)/.*?\\.htm)",
    "description": "Đọc truyện trên trang 69shuba.com",
    "locale": "zh_CN",
    "language": "javascript",
    "type": "chinese_novel"
  },
  "script": {
    "home": "home.js",
    "detail": "detail.js",
    "toc": "toc.js",
    "chap": "chap.js",
    "genre": "genre.js",
    "search": "search.js"
  }
}