{
    "metadata": {
      "name": "69yuedu from datbi",
      "author": "HuongMT",
      "version": 3,
      "source": "https://www.69yuedu.net",
      "regexp": "(www|m).69yuedu.net\/article\/(.*?).html",
      "description": "Đọc truyện trên trang 69yuedu.net",
      "locale": "zh_CN",
      "language": "javascript",
      "type": "chinese_novel"
    },
    "script": {
      "home": "home.js",
      "detail": "detail.js",
      "toc": "toc.js",
      "chap": "chap.js",
      "genre": "genre.js",
      "search": "search.js"
    }
  }